https://faucetface.com/collections/bottles/products/hose-water-bottle,1
https://faucetface.com/collections/bottles/products/hose-water-bottle,1
https://faucetface.com/collections/bottles/products/tap-is-terrific-bottle,1
 https://faucetface.com/collections/bottles/products/tap-is-terrific-bottle,1
 https://faucetface.com/collections/bottles/products/hummingbird-feeder,1
 https://faucetface.com/collections/bottles/products/hummingbird-feeder,1
 https://faucetface.com/collections/bottles/products/glass-don-t-waste-the-taste,1
 https://faucetface.com/collections/bottles/products/glass-don-t-waste-the-taste,1
 https://faucetface.com/collections/bottles/products/let-it-snow,1
 https://faucetface.com/collections/bottles/products/let-it-snow,1
 https://faucetface.com/collections/bottles/products/never-grow-up,1
 https://faucetface.com/collections/bottles/products/never-grow-up,1
https://faucetface.com/pages/stores,0
https://faucetface.com/pages/wholesale,0
 https://faucetface.com/pages/privacy-policy,0
 https://faucetface.com/pages/press,0
 https://faucetface.com/pages/affiliate-program,0
 https://faucetface.com/pages/faq,0
 https://faucetface.com/pages/shipping,0
 https://faucetface.com/pages/jobs,0
 https://faucetface.com/pages/contact-us,0
 http://blog.faucetface.com,0
https://www.hellyhansen.com/en_no/helly-hansen/language/switcher/,0
https://www.hellyhansen.com/store-finder,0
 https://www.hellyhansen.com/en_no/customerservice/,0
 https://www.hellyhansen.com/en_no/customer/account/login/,0
 https://www.hellyhansen.com/en_no/customer/account/create/,0
 https://shop.hellyhansen.com/en_no/return-policy,0
 https://www.hellyhansen.com/en_no/,0
 https://www.hellyhansen.com/en_no/mens,1
 https://www.hellyhansen.com/en_no/mens/jackets,1
 https://www.hellyhansen.com/en_no/mens/jackets/ski-jackets,1
 https://www.hellyhansen.com/en_no/mens/jackets/parka,1
 https://www.hellyhansen.com/en_no/mens/jackets/down-jackets,1
 https://www.hellyhansen.com/en_no/mens/jackets/rainwear,1
 https://www.hellyhansen.com/en_no/mens/jackets/mountain-hiking-jackets,1
 https://www.hellyhansen.com/en_no/mens/jackets/shell-jackets,1
 https://www.hellyhansen.com/en_no/mens/jackets/casual-jackets,1
 https://www.hellyhansen.com/en_no/mens/jackets/sailing-jackets,1
 https://www.hellyhansen.com/en_no/mens/jackets/vest,1
 https://www.hellyhansen.com/en_no/mens/fleece-midlayer,1
 https://www.hellyhansen.com/en_no/mens/fleece-midlayer/midlayer-and-fleece,1
 https://www.hellyhansen.com/en_no/mens/fleece-midlayer/fleece,1
 https://www.hellyhansen.com/en_no/mens/pants,1
 https://www.hellyhansen.com/en_no/mens/pants/ski-pants,1
 https://www.hellyhansen.com/en_no/mens/pants/mountain-hiking-pants,1
 https://www.hellyhansen.com/en_no/mens/pants/shell-pants,1
 https://www.hellyhansen.com/en_no/mens/pants/shorts-beachwear,1
 https://www.hellyhansen.com/en_no/mens/pants/sailing-pants,1
 https://www.hellyhansen.com/en_no/mens/tops,1
 https://www.hellyhansen.com/en_no/mens/tops/t-shirts,1
 https://www.hellyhansen.com/en_no/mens/tops/polos,1
 https://www.hellyhansen.com/en_no/mens/tops/sweaters-knits,1
 https://www.hellyhansen.com/en_no/mens/tops/long-sleeve-shirts,1
 https://www.hellyhansen.com/en_no/mens/base-layer,1
 https://www.hellyhansen.com/en_no/mens/base-layer/base-layer-tops,1
 https://www.hellyhansen.com/en_no/mens/base-layer/base-layer-pants,1
 https://www.hellyhansen.com/en_no/mens/footwear,1
 https://www.hellyhansen.com/en_no/mens/footwear/winter-boots,1
 https://www.hellyhansen.com/en_no/mens/footwear/casual-shoes,1
 https://www.hellyhansen.com/en_no/mens/footwear/rubber-boots,1
 https://www.hellyhansen.com/en_no/mens/footwear/sailing-watersports,1
 https://www.hellyhansen.com/en_no/mens/footwear/trail-hiking,1
 https://www.hellyhansen.com/en_no/mens/footwear/socks,1
 https://www.hellyhansen.com/en_no/mens/accessories,1
 https://www.hellyhansen.com/en_no/mens/accessories/beanies,1
 https://www.hellyhansen.com/en_no/mens/accessories/gloves,1
 https://www.hellyhansen.com/en_no/mens/accessories/socks,1
 https://www.hellyhansen.com/en_no/mens/accessories/boxer-brief,1
 https://www.hellyhansen.com/en_no/mens/gear,1
 https://www.hellyhansen.com/en_no/mens/gear/bags,1
 https://www.hellyhansen.com/en_no/mens/gear/backpacks,1
 https://www.hellyhansen.com/en_no/mens/gear/trolleys-and-suitcases,1
 https://www.hellyhansen.com/en_no/mens/gear/life-jackets,1
 https://www.hellyhansen.com/en_no/mens/activites-men/skiing,1
 https://www.hellyhansen.com/en_no/mens/activites-men/sailing,1
 https://www.hellyhansen.com/en_no/mens/activites-men/outdoor,1
 https://www.hellyhansen.com/en_no/mens/shop-by/new-arrivals,1
 https://www.hellyhansen.com/en_no/mens/shop-by/140-heritage-collection,1
 https://www.hellyhansen.com/en_no/mens/shop-by/ski-free,1
 https://www.hellyhansen.com/en_no/mens/shop-by/gift-guide,1
 https://www.hellyhansen.com/en_no/women,1
 https://www.hellyhansen.com/en_no/women/jackets,1
 https://www.hellyhansen.com/en_no/women/jackets/ski-jackets,1
 https://www.hellyhansen.com/en_no/women/jackets/parka,1
 https://www.hellyhansen.com/en_no/women/jackets/down-jackets,1
 https://www.hellyhansen.com/en_no/women/jackets/rainwear,1
 https://www.hellyhansen.com/en_no/women/jackets/mountain-hiking-jackets,1
 https://www.hellyhansen.com/en_no/women/jackets/shell-jacket,1
 https://www.hellyhansen.com/en_no/women/jackets/casual-jackets,1
 https://www.hellyhansen.com/en_no/women/jackets/sailing-jackets,1
 https://www.hellyhansen.com/en_no/women/jackets/vests,1
 https://www.hellyhansen.com/en_no/women/fleece-midlayer,1
 https://www.hellyhansen.com/en_no/women/fleece-midlayer/insulators,1
 https://www.hellyhansen.com/en_no/women/fleece-midlayer/fleece,1
 https://www.hellyhansen.com/en_no/women/pants,1
 https://www.hellyhansen.com/en_no/women/pants/ski-pants,1
 https://www.hellyhansen.com/en_no/women/pants/mountain-hiking-pants,1
 https://www.hellyhansen.com/en_no/women/pants/shell-pants,1
 https://www.hellyhansen.com/en_no/women/pants/sailing-pants,1
 https://www.hellyhansen.com/en_no/women/pants/skirts-dresses,1
 https://www.hellyhansen.com/en_no/women/pants/shorts-beachwear,1
 https://www.hellyhansen.com/en_no/women/tops-women,1
 https://www.hellyhansen.com/en_no/women/tops-women/shirts/t-shirts,1
 https://www.hellyhansen.com/en_no/women/tops-women/shirts/polos,1
 https://www.hellyhansen.com/en_no/women/tops-women/shirts/sweaters-knits,1
 https://www.hellyhansen.com/en_no/women/base-layer,1
 https://www.hellyhansen.com/en_no/women/base-layer/long-sleeve-baselayer-tops,1
 https://www.hellyhansen.com/en_no/women/base-layer/baselayer-pants,1
 https://www.hellyhansen.com/en_no/women/footwear,1
 https://www.hellyhansen.com/en_no/women/footwear/winter-boots,1
 https://www.hellyhansen.com/en_no/women/footwear/casual-footwear,1
 https://www.hellyhansen.com/en_no/women/footwear/rubber-boots,1
 https://www.hellyhansen.com/en_no/women/footwear/sailing-watersports,1
 https://www.hellyhansen.com/en_no/women/footwear/trail-hiking,1
 https://www.hellyhansen.com/en_no/women/footwear/socks,1
 https://www.hellyhansen.com/en_no/women/accessories,1
 https://www.hellyhansen.com/en_no/women/accessories/beanies,1
 https://www.hellyhansen.com/en_no/women/accessories/gloves,1
 https://www.hellyhansen.com/en_no/women/accessories/socks,1
 https://www.hellyhansen.com/en_no/women/gear,1
 https://www.hellyhansen.com/en_no/women/gear/bags,1
 https://www.hellyhansen.com/en_no/women/gear/backpacks,1
 https://www.hellyhansen.com/en_no/women/gear/trolleys,1
 https://www.hellyhansen.com/en_no/women/gear/life-jackets,1
 https://www.hellyhansen.com/en_no/women/activities-women/skiing,1
 https://www.hellyhansen.com/en_no/women/activities-women/sailing,1
 https://www.hellyhansen.com/en_no/women/activities-women/outdoor,1
 https://www.hellyhansen.com/en_no/women/shop-by/new-arrivals,1
 https://www.hellyhansen.com/en_no/women/shop-by/140-heritage-collection,1
 https://www.hellyhansen.com/en_no/women/shop-by/ski-free,1
 https://www.hellyhansen.com/en_no/women/shop-by/gift-guide,1
 https://www.hellyhansen.com/en_no/kids-juniors,1
 https://www.hellyhansen.com/en_no/kids-juniors/kids,1
 https://www.hellyhansen.com/en_no/kids-juniors/kids/jackets,1
 https://www.hellyhansen.com/en_no/kids-juniors/kids/pants,1
 https://www.hellyhansen.com/en_no/kids-juniors/kids/fleece,1
 https://www.hellyhansen.com/en_no/kids-juniors/kids/base-layer,1
 https://www.hellyhansen.com/en_no/kids-juniors/kids/playsuits,1
 https://www.hellyhansen.com/en_no/kids-juniors/juniors,1
 https://www.hellyhansen.com/en_no/kids-juniors/juniors/jackets,1
 https://www.hellyhansen.com/en_no/kids-juniors/juniors/pants,1
 https://www.hellyhansen.com/en_no/kids-juniors/juniors/fleece,1
 https://www.hellyhansen.com/en_no/kids-juniors/juniors/base-layer,1
 https://www.hellyhansen.com/en_no/kids-juniors/kids-accessories,1
 https://www.hellyhansen.com/en_no/kids-juniors/kids-accessories/bags,1
 https://www.hellyhansen.com/en_no/kids-juniors/kids-accessories/hats,1
 https://www.hellyhansen.com/en_no/kids-juniors/kids-accessories/gloves,1
 https://www.hellyhansen.com/en_no/kids-juniors/kids-accessories/life-jackets,1
 https://www.hellyhansen.com/en_no/kids-juniors/shop-by-activity/skiing,1
 https://www.hellyhansen.com/en_no/kids-juniors/shop-by-activity/sailing,1
 https://www.hellyhansen.com/en_no/kids-juniors/shop-by-activity/outdoor,1
 https://www.hellyhansen.com/en_no/kids/shop-by/new-arrivals,1
 https://www.hellyhansen.com/en_no/kids-juniors/shop-by/ski-free,1
 https://www.hellyhansen.com/en_no/kids-juniors/shop-by/gift-guide,1
 https://www.hellyhansen.com/en_no/catalogsearch/result/?q=*,0
 https://www.hellyhansen.com/en_no/catalogsearch/result/?q=*,0
 https://www.hellyhansen.com/techclinic/,1
 http://www.hellyhansen.com/hellytech/,1
 http://www.hellyhansen.com/baselayer/,1
https://www.harveynichols.com/search/-afdaf/search/%5Cu002dafdaf/new-in/,1
https://www.harveynichols.com/search/-afdaf/search/%5Cu002dafdaf/womens/,1
 https://www.harveynichols.com/search/-afdaf/search/%5Cu002dafdaf//brand=aidan-mattox/,1
 https://www.harveynichols.com/search/-afdaf/search/%5Cu002dafdaf//group_colour=black/,1
 https://www.harveynichols.com/search/-afdaf/search/%5Cu002dafdaf//group_colour=blue/,1
 https://www.harveynichols.com/search/-afdaf/search/%5Cu002dafdaf//group_colour=gold/,1
 https://www.harveynichols.com/search/-afdaf/search/%5Cu002dafdaf//group_colour=green/,1
 https://www.harveynichols.com/search/-afdaf/search/%5Cu002dafdaf//group_colour=grey/,1
 https://www.harveynichols.com/search/-afdaf/search/%5Cu002dafdaf//group_colour=navy/,1
 https://www.harveynichols.com/search/-afdaf/search/%5Cu002dafdaf//group_colour=nude/,1
 https://www.harveynichols.com/search/-afdaf/search/%5Cu002dafdaf//group_colour=pink/,1
 https://www.harveynichols.com/search/-afdaf/search/%5Cu002dafdaf//group_colour=purple/,1
 https://www.harveynichols.com/search/-afdaf/search/%5Cu002dafdaf//group_colour=red/,1
 https://www.harveynichols.com/search/-afdaf/search/%5Cu002dafdaf//group_colour=silver/,1
 https://www.harveynichols.com/search/-afdaf/search/%5Cu002dafdaf//group_colour=white/,1
 https://www.harveynichols.com/search/-afdaf/brand/aidan-mattox/227251-velvet-wrap-gown/p2986223/,1
 https://www.harveynichols.com/search/-afdaf/brand/aidan-mattox/237875-off-the-shoulder-dress/p3018636/,1
 https://www.harveynichols.com/search/-afdaf/brand/aidan-mattox/212826-strapless-flounce-gown/p2931419/,1
 https://www.harveynichols.com/search/-afdaf/brand/aidan-mattox/227250-velvet-wrap-gown/p2986222/,1
 https://www.harveynichols.com/search/-afdaf/brand/aidan-mattox/227252-sequin-fringe-cocktail-dress/p2986224/,1
 https://www.harveynichols.com/search/-afdaf/brand/aidan-mattox/232724-fit-and-flare-high-low-dress/p3004303/,1
 https://www.harveynichols.com/search/-afdaf/brand/aidan-mattox/237878-feather-trim-cocktail-dress/p3018630/,1
 https://www.harveynichols.com/search/-afdaf/brand/aidan-mattox/220813-off-the-shoulder-dress/p2960460/,1
 https://www.harveynichols.com/search/-afdaf/brand/aidan-mattox/200722-one-shoulder-ruffle-gown/p2882980/,1
 https://www.harveynichols.com/search/-afdaf/brand/aidan-mattox/237874-off-the-shoulder-cocktail-dress/p3018634/,1
 https://www.harveynichols.com/search/-afdaf/brand/aidan-mattox/220800-halter-neck-evening-dress/p2960478/,1
 https://www.harveynichols.com/search/-afdaf/brand/aidan-mattox/220802-one-shoulder-gown/p2960481/,1
 https://www.harveynichols.com/search/-afdaf/brand/aidan-mattox/220808-cold-shoulder-dress/p2960493/,1
 https://www.harveynichols.com/search/-afdaf/brand/aidan-mattox/227244-soutache-bell-sleeve-dress/p2986216/,1
 https://www.harveynichols.com/search/-afdaf/brand/aidan-mattox/220803-one-shoulder-gown/p2960483/,1
 https://www.harveynichols.com/search/-afdaf/brand/aidan-mattox/200717-satin-panel-crepe-gown/p2882974/,1
 https://www.harveynichols.com/search/-afdaf/brand/aidan-mattox/200726-basketweave-cocktail-dress/p2882985/,1
 https://www.harveynichols.com/search/-afdaf/brand/aidan-mattox/220807-tiered-evening-dress/p2960492/,1
 https://www.harveynichols.com/search/-afdaf/brand/aidan-mattox/212829-flounce-cocktail-dress/p2931446/,1
 https://www.harveynichols.com/search/-afdaf/brand/aidan-mattox/221617-crepe-cocktail-dress/p2969338/,1
 https://www.harveynichols.com/search/-afdaf/brand/aidan-mattox/220799-lace-cocktail-dress/p2960477/,1
 https://www.harveynichols.com/search/-afdaf/brand/aidan-mattox/227246-ruffle-plunge-front-gown/p2986218/,1
 https://www.harveynichols.com/search/-afdaf/brand/aidan-mattox/227247-embellished-evening-dress/p2986219/,1
 https://www.harveynichols.com/search/-afdaf/brand/aidan-mattox/220812-lace-sleeve-evening-dress/p2960458/,1
 https://www.harveynichols.com/search/-afdaf/brand/aidan-mattox/230581-halter-neck-chiffon-gown/p3011509/,1
 https://www.harveynichols.com/search/-afdaf/brand/aidan-mattox/221613-lace-bodice-evening-dress/p2968672/,1
 https://www.harveynichols.com/search/-afdaf/brand/aidan-mattox/220811-wide-sleeve-cocktail-dress/p2960456/,1
 https://www.harveynichols.com/search/-afdaf/brand/aidan-mattox/237877-metallic-jacquard-cocktail-dress/p3018061/,1
 https://www.harveynichols.com/search/-afdaf/brand/aidan-mattox/220806-beaded-evening-dress/p2960489/,1
 https://www.harveynichols.com/search/-afdaf/brand/aidan-mattox/231432-gunmetal-sequin-jumpsuit/p3001638/,1
 https://www.harveynichols.com/search/-afdaf/brand/aidan-mattox/231435-applique-cocktail-dress/p3001644/,1
 https://www.harveynichols.com/search/-afdaf/brand/aidan-mattox/220809-applique-cocktail-dress/p2960496/,1
 https://www.harveynichols.com/search/-afdaf/brand/aidan-mattox/208932-embellished-cocktail-dress/p2913846/,1
 https://www.harveynichols.com/search/-afdaf/brand/aidan-mattox/231436-silver-sheath-dress/p3001645/,1
 https://www.harveynichols.com/search/-afdaf/brand/aidan-mattox/220804-strapless-evening-dress/p2960484/,1
 https://www.harveynichols.com/search/-afdaf/brand/aidan-mattox/212822-short-sleeve-popover-gown/p2931395/,1
 https://www.harveynichols.com/search/-afdaf/brand/aidan-mattox/232723-cap-sleeve-sequin-dress/p3004302/,1
 https://www.harveynichols.com/search/-afdaf/brand/aidan-mattox/227245-cat-sleeve-velvet-gown/p2986217/,1
 https://www.harveynichols.com/search/-afdaf/brand/aidan-mattox/221608-embellished-trapeze-dress/p2969365/,1
 https://www.harveynichols.com/search/-afdaf/brand/aidan-mattox/221611-embellished-cocktail-dress/p2969333/,1
 https://www.harveynichols.com/search/-afdaf/brand/aidan-mattox/232721-printed-velvet-evening-dress/p3004300/,1
 https://www.harveynichols.com/search/-afdaf/brand/aidan-mattox/208931-lace-cocktail-dress/p2913845/,1
 https://www.harveynichols.com/search/-afdaf/brand/aidan-mattox/212821-one-shoulder-cocktail-dress/p2931394/,1
 https://www.harveynichols.com/search/-afdaf/brand/aidan-mattox/231434-black-one-shoulder-dress/p3001643/,1
 https://www.harveynichols.com/search/-afdaf/brand/aidan-mattox/218647-jacquard-cocktail-dress/p2964166/,1
 https://www.harveynichols.com/search/-afdaf/brand/aidan-mattox/221619-charmeuse-cocktail-dress/p2969340/,1
 https://www.harveynichols.com/search/-afdaf/brand/aidan-mattox/221607-embellished-trapeze-dress/p2966887/,1
 https://www.harveynichols.com/search/-afdaf/brand/aidan-mattox/231433-crystal-necklace-jumpsuit/p3001640/,1
 https://www.harveynichols.com/search/-afdaf/brand/aidan-mattox/227249-fringe-crepe-cocktail-dress/p2986221/,1
 https://www.harveynichols.com/search/-afdaf/brand/aidan-mattox/221609-embellished-cocktail-dress/p2968665/,1
 https://www.harveynichols.com/search/-afdaf/brand/aidan-mattox/239939-beaded-fringe-cocktail/p3028398/,1
 https://www.harveynichols.com/search/-afdaf/brand/aidan-mattox/232719-cold-shoulder-cocktail-dress/p3004296/,1
 https://www.harveynichols.com/search/-afdaf/brand/aidan-mattox/221615-soutache-cocktail-dress/p2967153/,1
 https://www.harveynichols.com/search/-afdaf/brand/aidan-mattox/231437-velvet-evening-dress/p3001646/,1
 https://www.harveynichols.com/search/-afdaf/brand/aidan-mattox/212827-embellished-cocktail-dress/p2931426/,1
 https://www.harveynichols.com/search/-afdaf/brand/aidan-mattox/221620-chiffon-and-lace-dress/p2969342/,1
 https://www.harveynichols.com/search/-afdaf/brand/aidan-mattox/212825-lace-cocktail-dress/p2931414/,1
 https://www.harveynichols.com/search/-afdaf/brand/aidan-mattox/232720-embroidered-sequin-dress/p3004298/,1
 https://www.harveynichols.com/search/-afdaf/brand/aidan-mattox/195771-strapless-evening-dress/p2864124/,1
 https://www.harveynichols.com/search/-afdaf/brand/aidan-mattox/239942-off-the-shoulder-long-dress/p3028401/,1
